-- phpMyAdmin SQL Dump
-- version 5.1.0
-- https://www.phpmyadmin.net/
--
-- Хост: 127.0.0.1:3306
-- Время создания: Июн 16 2024 г., 19:35
-- Версия сервера: 5.7.33-log
-- Версия PHP: 7.1.33

SET SQL_MODE = "NO_AUTO_VALUE_ON_ZERO";
START TRANSACTION;
SET time_zone = "+00:00";


/*!40101 SET @OLD_CHARACTER_SET_CLIENT=@@CHARACTER_SET_CLIENT */;
/*!40101 SET @OLD_CHARACTER_SET_RESULTS=@@CHARACTER_SET_RESULTS */;
/*!40101 SET @OLD_COLLATION_CONNECTION=@@COLLATION_CONNECTION */;
/*!40101 SET NAMES utf8mb4 */;

--
-- База данных: `new3333`
--

-- --------------------------------------------------------

--
-- Структура таблицы `договора`
--

CREATE TABLE `договора` (
  `Код_договора` int(11) NOT NULL,
  `Сумма_страхования` int(11) DEFAULT NULL,
  `Скидка` int(11) DEFAULT NULL,
  `Дата_страхования` varchar(255) COLLATE utf8mb4_unicode_ci DEFAULT NULL,
  `Срок_страхования(в месяцах)` int(11) DEFAULT NULL,
  `Код_сотрудника` int(11) NOT NULL,
  `Код_клиента` int(11) NOT NULL,
  `Код_предмета_страхования` int(11) NOT NULL
) ENGINE=InnoDB DEFAULT CHARSET=utf8mb4 COLLATE=utf8mb4_unicode_ci;

--
-- Дамп данных таблицы `договора`
--

INSERT INTO `договора` (`Код_договора`, `Сумма_страхования`, `Скидка`, `Дата_страхования`, `Срок_страхования(в месяцах)`, `Код_сотрудника`, `Код_клиента`, `Код_предмета_страхования`) VALUES
(1, 5000, 12, '11.10.2023', 12, 1, 1, 2),
(2, 250000, 5, '10.09.2022', 12, 13, 1, 5),
(3, 10000, 0, '15.06.2023', 6, 15, 2, 8),
(4, 125000, 2, '04.10.2022', 12, 7, 3, 1),
(5, 20000, 1, '25.09.2023', 1, 12, 3, 1),
(6, 1000000, 10, '14.02.2023', 12, 6, 4, 5),
(7, 30000, 0, '19.04.2022', 10, 9, 4, 4),
(8, 235000, 3, '22.03.2023', 12, 5, 5, 3),
(9, 1500000, 5, '25.05.2023', 6, 3, 6, 7),
(10, 45000, 0, '10.10.2023', 12, 14, 6, 6),
(11, 15000, 1, '20.08.2023', 3, 2, 7, 8),
(12, 25000, 0, '14.08.2023', 6, 5, 7, 6),
(13, 145000, 2, '25.11.2022', 12, 8, 8, 3),
(14, 200000, 0, '28.03.2023', 12, 10, 9, 3),
(15, 15000, 0, '11.06.2023', 6, 4, 10, 5),
(16, 35000, 1, '25.05.2023', 6, 11, 10, 2),
(18, 1600, 1, '28.04.2024', 12, 1, 1, 8),
(19, 3000, 0, '28.04.2024', 12, 1, 2, 1),
(20, 55000, NULL, '20-05-2024', 12, 1, 1, 3);

-- --------------------------------------------------------

--
-- Структура таблицы `клиенты`
--

CREATE TABLE `клиенты` (
  `Код_клиента` int(11) NOT NULL,
  `ФИО` longtext COLLATE utf8mb4_unicode_ci NOT NULL,
  `Паспортные_данные` varchar(50) COLLATE utf8mb4_unicode_ci NOT NULL,
  `Адрес_проживания` longtext COLLATE utf8mb4_unicode_ci,
  `Номер_телефона` varchar(50) COLLATE utf8mb4_unicode_ci NOT NULL,
  `Логин_клиента` varchar(255) COLLATE utf8mb4_unicode_ci DEFAULT NULL,
  `Пароль_клиента` varchar(5) COLLATE utf8mb4_unicode_ci DEFAULT NULL
) ENGINE=InnoDB DEFAULT CHARSET=utf8mb4 COLLATE=utf8mb4_unicode_ci;

--
-- Дамп данных таблицы `клиенты`
--

INSERT INTO `клиенты` (`Код_клиента`, `ФИО`, `Паспортные_данные`, `Адрес_проживания`, `Номер_телефона`, `Логин_клиента`, `Пароль_клиента`) VALUES
(1, 'Страхов Павел Петрович', '1916063341', 'г. Томск ул. Красная д.11', '9345674845', 'Страхов', '3836'),
(2, 'Семенова Анна Павловна', '1972541523', 'г. Омск ул. Омская д.45', '9214564633', 'Семенова', '4232'),
(3, 'Васильев Олег Александрович', '1864427165', 'г. Томск ул. Красная д.6', '9743627542', 'Васильев', '3415'),
(4, 'Кузнецов Андрей Павлович', '1653462356', 'г. Новосибирск ул. Зимняя д.76', '9121324573', 'Кузнецов', '7425'),
(5, 'Михайлова Кристина Семеновна', '5347156346', 'г. Архангельск ул. Центральная д6', '9916354267', 'Михайлова', '9641'),
(6, 'Новикова Анна Семеновна', '1965327165', 'г. Санкт- Петребург ул. Ленинградская д.43', '9213458963', 'Новикова', '1923'),
(7, 'Морозов Александр Александрович', '1873645234', 'г. Томск ул. Центральная д.1', '9542754376', 'Морозова', '2936'),
(8, 'Андреев Кирилл Андреевич', '1937625716', ' г. Норильск ул. Красная д.21', '9765653453', 'Андреев', '1928'),
(9, 'Николаева Ирина Сергеевна', '2143543464', 'г. Саратов ул. Павлова д.76', '9726543615', 'Николаева', '4332'),
(10, 'Потапов Андрей Петрович', '1916063341', 'г. Москва ул. Надежная д.8', '9517351691', 'Патопов1454', '1234'),
(11, 'Иванов Иван Иванович', '1916063341', 'г. Москва ул. Надежная д.8', '9517351691', 'Иванов1234', '1234'),
(12, 'Потапов Андрей Петрович', '1916063341', 'г. Москва ул. Надежная д.1', '9517351691', 'Потапов', '1111');

-- --------------------------------------------------------

--
-- Структура таблицы `клиенты сотрудники`
--

CREATE TABLE `клиенты сотрудники` (
  `Код_клиента` int(11) NOT NULL,
  `Код_сотрудника` int(11) NOT NULL
) ENGINE=InnoDB DEFAULT CHARSET=utf8mb4 COLLATE=utf8mb4_unicode_ci;

--
-- Дамп данных таблицы `клиенты сотрудники`
--

INSERT INTO `клиенты сотрудники` (`Код_клиента`, `Код_сотрудника`) VALUES
(1, 1),
(1, 13),
(2, 15),
(3, 7),
(3, 12),
(4, 6),
(4, 9),
(5, 5),
(6, 3),
(6, 14),
(7, 2),
(7, 5),
(8, 8),
(9, 10),
(10, 1),
(10, 11);

-- --------------------------------------------------------

--
-- Структура таблицы `корзина`
--

CREATE TABLE `корзина` (
  `Код_заказа` int(11) NOT NULL,
  `Сумма_страхования` int(11) NOT NULL,
  `Скидка` int(11) DEFAULT NULL,
  `Дата_создания` varchar(11) COLLATE utf8mb4_unicode_ci NOT NULL,
  `Срок_страхования` int(11) NOT NULL,
  `Код_предмета_страхования` int(11) NOT NULL,
  `Код_клиента` int(11) NOT NULL
) ENGINE=InnoDB DEFAULT CHARSET=utf8mb4 COLLATE=utf8mb4_unicode_ci;

--
-- Дамп данных таблицы `корзина`
--

INSERT INTO `корзина` (`Код_заказа`, `Сумма_страхования`, `Скидка`, `Дата_создания`, `Срок_страхования`, `Код_предмета_страхования`, `Код_клиента`) VALUES
(5, 200000, NULL, '13-04-2024', 12, 7, 1),
(6, 3500, NULL, '13-04-2024', 1, 1, 1);

-- --------------------------------------------------------

--
-- Структура таблицы `предмет_страхования`
--

CREATE TABLE `предмет_страхования` (
  `Код_предмета_страхования` int(11) NOT NULL,
  `Наименование` longtext COLLATE utf8mb4_unicode_ci,
  `Минимальная_сумма_страхования` int(11) DEFAULT NULL,
  `Максимальная_сумма_страхования` int(11) DEFAULT NULL
) ENGINE=InnoDB DEFAULT CHARSET=utf8mb4 COLLATE=utf8mb4_unicode_ci;

--
-- Дамп данных таблицы `предмет_страхования`
--

INSERT INTO `предмет_страхования` (`Код_предмета_страхования`, `Наименование`, `Минимальная_сумма_страхования`, `Максимальная_сумма_страхования`) VALUES
(1, 'Наземное транспортное средство', 3000, 150000),
(2, 'Земельный участок', 15000, 400000),
(3, 'Недвижимость', 50000, 1000000),
(4, 'Водное транпортное средство', 3000, 150000),
(5, 'Строения', 20000, 100000),
(6, 'Сельхозтехники', 3000, 300000),
(7, 'Воздушное транспортное средство', 100000, 800000),
(8, 'Медицинское страхование', 1500, 50000);

-- --------------------------------------------------------

--
-- Структура таблицы `акции`
--

CREATE TABLE `акции` (
  `Код_акции` int(11) NOT NULL,
  `Описание` text COLLATE utf8mb4_unicode_ci NOT NULL,
  `Заголовок` text COLLATE utf8mb4_unicode_ci NOT NULL
) ENGINE=InnoDB DEFAULT CHARSET=utf8mb4 COLLATE=utf8mb4_unicode_ci;

--
-- Дамп данных таблицы `акции`
--

INSERT INTO `акции` (`Код_акции`, `Описание`, `Заголовок`) VALUES
(10, 'werwerwytrt87654', 'gdfsdf'),
(38, 'укпукпу', 'кукеуке');

-- --------------------------------------------------------

--
-- Структура таблицы `галерея`
--

CREATE TABLE `галерея` (
  `Код_элемента` int(11) NOT NULL,
  `URL_фото` text COLLATE utf8mb4_unicode_ci NOT NULL
) ENGINE=InnoDB DEFAULT CHARSET=utf8mb4 COLLATE=utf8mb4_unicode_ci;

--
-- Дамп данных таблицы `галерея`
--

INSERT INTO `галерея` (`Код_элемента`, `URL_фото`) VALUES
(1, '../images/gal/1.jpg'),
(2, '../images/gal/2.jpg'),
(3, '../images/gal/3.png'),
(4, '../images/gal/4.png'),
(8, '../images/gal5.jpg');

-- --------------------------------------------------------

--
-- Структура таблицы `заказы`
--

CREATE TABLE `заказы` (
  `Код_заказа` int(11) NOT NULL,
  `Сумма_страхования` int(11) NOT NULL,
  `Скидка` int(11) NOT NULL,
  `Дата_создания` varchar(11) COLLATE utf8mb4_unicode_ci NOT NULL,
  `Срок_страхования` int(11) NOT NULL,
  `Код_предмета_страхования` int(11) NOT NULL,
  `Код_клиента` int(11) NOT NULL
) ENGINE=InnoDB DEFAULT CHARSET=utf8mb4 COLLATE=utf8mb4_unicode_ci;

-- --------------------------------------------------------

--
-- Структура таблицы `сотрудники`
--

CREATE TABLE `сотрудники` (
  `Код_сотрудника` int(11) NOT NULL,
  `ФИО` longtext COLLATE utf8mb4_unicode_ci NOT NULL,
  `Паспортные_данные` varchar(20) COLLATE utf8mb4_unicode_ci NOT NULL,
  `Номер_телефона` varchar(20) COLLATE utf8mb4_unicode_ci NOT NULL,
  `Код_филиала` int(11) NOT NULL,
  `Логин_сотрудника` varchar(255) COLLATE utf8mb4_unicode_ci DEFAULT NULL,
  `Пароль_сотрудника` varchar(5) COLLATE utf8mb4_unicode_ci DEFAULT NULL
) ENGINE=InnoDB DEFAULT CHARSET=utf8mb4 COLLATE=utf8mb4_unicode_ci;

--
-- Дамп данных таблицы `сотрудники`
--

INSERT INTO `сотрудники` (`Код_сотрудника`, `ФИО`, `Паспортные_данные`, `Номер_телефона`, `Код_филиала`, `Логин_сотрудника`, `Пароль_сотрудника`) VALUES
(1, 'Иванов Влад Сергеевич', '1954673624', '9654427813', 1, 'Иванов', '1111'),
(2, 'Сидоров Павел Андреевич', '4674253283', '9753426512', 1, 'Сидоров', '6434C'),
(3, 'Новоселова Анна Владимировна', '7325452838', '9542561457', 3, 'Новоселова', '2736C'),
(4, 'Павелецкий Петр Андреевич', '1963452365', '9663541762', 2, 'Павелецкий', '8575C'),
(5, 'Абдурахманов Николай Петрович', '1634342678', '9756152436', 4, 'Абдурахманова', '8765C'),
(6, 'Старшов Иван Сергеевич', '1964524612', '9215637246', 6, 'Старшов', '3456C'),
(7, 'Попов Иван Иванович', '1962441265', '9626154236', 5, 'Попов', '3424C'),
(8, 'Сидоренко Павел Алексндрович', '1983742634', '9755234615', 9, 'Сидоренко', '3546C'),
(9, 'Красцова Кристина Сергеевна', '2126745623', '9761543718', 7, 'Красцова', '8675C'),
(10, 'Павлова София Владимировна', '1643572354', '9541627618', 8, 'Павлова', '1237C'),
(11, 'Панкратова Алефтина Петровна', '1976345124', '9681653428', 3, 'Панкратова', '8574C'),
(12, 'Набиева Амина Мурадовна', '1567434562', '9114235782', 5, 'Набиева', '9876C'),
(13, 'Муратов Олег Владиславович', '1937654615', '9113237812', 7, 'Муратов', '0876C'),
(14, 'Кравцов Максим Сергеевич', '1545728366', '9215647375', 4, 'Кравцов', '5453C'),
(15, 'Попова Инесса Викторовна', '2173465543', '9516623634', 10, 'Попова', '7654C');

-- --------------------------------------------------------

--
-- Структура таблицы `филиалы`
--

CREATE TABLE `филиалы` (
  `Код_филиала` int(11) NOT NULL,
  `Название` longtext COLLATE utf8mb4_unicode_ci,
  `Адрес` longtext COLLATE utf8mb4_unicode_ci,
  `Часы_работы` longtext COLLATE utf8mb4_unicode_ci,
  `Номер_телефона` varchar(50) COLLATE utf8mb4_unicode_ci DEFAULT NULL
) ENGINE=InnoDB DEFAULT CHARSET=utf8mb4 COLLATE=utf8mb4_unicode_ci;

--
-- Дамп данных таблицы `филиалы`
--

INSERT INTO `филиалы` (`Код_филиала`, `Название`, `Адрес`, `Часы_работы`, `Номер_телефона`) VALUES
(1, 'Московский', 'г. Москва ул. Ватутина д.6', 'Пн-Пт: 9:00 - 18:00Выходной: Суббота, Воскресенье', '91111122222'),
(2, 'Ленинградский', 'г. Санкт-Петербург ул. Ленинградская д.', 'Пн-Пт: 9:00 - 18:00\r\nВыходной: Суббота, Воскресенье', '9546784532'),
(3, 'Вологодский', 'г. Вологда ул. Бабушкина д.65', 'Пн-Пт: 9:00 - 18:00\r\nВыходной: Суббота, Воскресенье', '9454533445'),
(4, 'Архангельский', 'г. Архангельск ул. Красная д.5', 'Пн-Пт: 9:00 - 18:00\r\nВыходной: Суббота, Воскресенье', '9564564345'),
(5, 'Томский', 'г. Томск ул. Проспект Ленина д.6', 'Пн-Пт: 9:00 - 18:00\r\nВыходной: Суббота, Воскресенье', '9453579875'),
(6, 'Югория', 'г. Санкт-Петербург ул.Лиговский проспект д.6', 'Пн-Пт: 9:00 - 18:00\r\nВыходной: Суббота, Воскресенье', '9516789472'),
(7, 'Новосибирский', 'г. Новосибирск ул. Верещагина д.32', 'Пн-Пт: 9:00 - 18:00\r\nВыходной: Суббота, Воскресенье', '9654728764'),
(8, 'Саратовский', 'г. Саратов ул. Свердлова д.7', 'Пн-Пт: 9:00 - 18:00\r\nВыходной: Суббота, Воскресенье', '9864345674'),
(9, 'Норильский', 'г. Норильск ул.Пролетарская д.21', 'Пн-Пт: 9:00 - 18:00\nВыходной: Суббота, Воскресенье', '9657535726'),
(10, 'Омский', 'г.Омск ул.Омская д.98', 'Пн-Пт: 9:00 - 18:00\nВыходной: Суббота, Воскресенье', '9214569654');

--
-- Индексы сохранённых таблиц
--

--
-- Индексы таблицы `договора`
--
ALTER TABLE `договора`
  ADD PRIMARY KEY (`Код_договора`);

--
-- Индексы таблицы `клиенты`
--
ALTER TABLE `клиенты`
  ADD PRIMARY KEY (`Код_клиента`);

--
-- Индексы таблицы `клиенты сотрудники`
--
ALTER TABLE `клиенты сотрудники`
  ADD PRIMARY KEY (`Код_клиента`,`Код_сотрудника`);

--
-- Индексы таблицы `корзина`
--
ALTER TABLE `корзина`
  ADD PRIMARY KEY (`Код_заказа`);

--
-- Индексы таблицы `предмет_страхования`
--
ALTER TABLE `предмет_страхования`
  ADD PRIMARY KEY (`Код_предмета_страхования`);

--
-- Индексы таблицы `акции`
--
ALTER TABLE `акции`
  ADD PRIMARY KEY (`Код_акции`);

--
-- Индексы таблицы `галерея`
--
ALTER TABLE `галерея`
  ADD PRIMARY KEY (`Код_элемента`);

--
-- Индексы таблицы `заказы`
--
ALTER TABLE `заказы`
  ADD PRIMARY KEY (`Код_заказа`);

--
-- Индексы таблицы `сотрудники`
--
ALTER TABLE `сотрудники`
  ADD PRIMARY KEY (`Код_сотрудника`);

--
-- Индексы таблицы `филиалы`
--
ALTER TABLE `филиалы`
  ADD PRIMARY KEY (`Код_филиала`);

--
-- AUTO_INCREMENT для сохранённых таблиц
--

--
-- AUTO_INCREMENT для таблицы `договора`
--
ALTER TABLE `договора`
  MODIFY `Код_договора` int(11) NOT NULL AUTO_INCREMENT, AUTO_INCREMENT=21;

--
-- AUTO_INCREMENT для таблицы `клиенты`
--
ALTER TABLE `клиенты`
  MODIFY `Код_клиента` int(11) NOT NULL AUTO_INCREMENT, AUTO_INCREMENT=13;

--
-- AUTO_INCREMENT для таблицы `корзина`
--
ALTER TABLE `корзина`
  MODIFY `Код_заказа` int(11) NOT NULL AUTO_INCREMENT, AUTO_INCREMENT=11;

--
-- AUTO_INCREMENT для таблицы `предмет_страхования`
--
ALTER TABLE `предмет_страхования`
  MODIFY `Код_предмета_страхования` int(11) NOT NULL AUTO_INCREMENT, AUTO_INCREMENT=9;

--
-- AUTO_INCREMENT для таблицы `акции`
--
ALTER TABLE `акции`
  MODIFY `Код_акции` int(11) NOT NULL AUTO_INCREMENT, AUTO_INCREMENT=39;

--
-- AUTO_INCREMENT для таблицы `галерея`
--
ALTER TABLE `галерея`
  MODIFY `Код_элемента` int(11) NOT NULL AUTO_INCREMENT, AUTO_INCREMENT=9;

--
-- AUTO_INCREMENT для таблицы `заказы`
--
ALTER TABLE `заказы`
  MODIFY `Код_заказа` int(11) NOT NULL AUTO_INCREMENT;

--
-- AUTO_INCREMENT для таблицы `сотрудники`
--
ALTER TABLE `сотрудники`
  MODIFY `Код_сотрудника` int(11) NOT NULL AUTO_INCREMENT, AUTO_INCREMENT=16;

--
-- AUTO_INCREMENT для таблицы `филиалы`
--
ALTER TABLE `филиалы`
  MODIFY `Код_филиала` int(11) NOT NULL AUTO_INCREMENT, AUTO_INCREMENT=11;
COMMIT;

/*!40101 SET CHARACTER_SET_CLIENT=@OLD_CHARACTER_SET_CLIENT */;
/*!40101 SET CHARACTER_SET_RESULTS=@OLD_CHARACTER_SET_RESULTS */;
/*!40101 SET COLLATION_CONNECTION=@OLD_COLLATION_CONNECTION */;
